documentName,id,classID,name,term,period,teacher
Mon1,t1m1101,0,社会心理学,1,月曜1限,川島瑞貴
Mon1,t1m1102,1,Intensive Reading,1,月曜1限,亀田羽菜
Mon1,t1m1103,2,Oral English,1,月曜1限,三村國吉
Mon1,t1m1201,3,音声学,2,月曜1限,曽根正浩
Mon1,t1m1202,4,線形代数学Ⅰ,2,月曜1限,永瀬一樹
Mon1,t1m1203,5,コンピュータシュミレーション,2,月曜1限,相良守弘
Mon1,t1m1204,6,情報表現,2,月曜1限,石沢花穂
Mon1,t1m1301,7,ネットワークシステム,3,月曜1限,津村真生
Mon1,t1m1302,8,社会情報システム,3,月曜1限,福島章子
Mon1,t1m1303,9,メディア批評,3,月曜1限,住田雅玖斗
Mon1,t1m1401,10,教育課程論,4,月曜1限,江原心愛
Mon1,t1m1402,11,多変量解析と公的統計,4,月曜1限,根岸昭夫
Mon1,t1m1403,12,論文演習,4,月曜1限,中本京樹
Mon1,t1m1404,13,Basics of Interpersonal Communication for Problem Solving I A,4,月曜1限,和泉明雄
Mon2,t1m2101,0,国語学,1,月曜2限,小池愛実
Mon2,t1m2102,1,経済学,1,月曜2限,桜井夏唯人
Mon2,t1m2103,2,情報処理,1,月曜2限,中岡美智子
Mon2,t1m2201,3,科学と人間,2,月曜2限,川上咲奈
Mon2,t1m2202,4,日本語ライティング,2,月曜2限,古市美貴
Mon2,t1m2203,5,Oral English,2,月曜2限,高橋莉菜
Mon2,t1m2204,6,Composition,2,月曜2限,坂野希望
Mon2,t1m2301,7,Reading Skills,3,月曜2限,青柳博之
Mon2,t1m2302,8,フランス語,3,月曜2限,黒川凛子
Mon2,t1m2303,9,ドイツ語　I (演習),3,月曜2限,若松敏昭
Mon2,t1m2401,10,健康教育,4,月曜2限,倉持菜津那
Mon2,t1m2402,11,余暇教育(フィットネスと健康),4,月曜2限,川合雫
Mon2,t1m2403,12,３年セミナー,4,月曜2限,安井瑞稀
Mon2,t1m2404,13,アメリカ文化概論,4,月曜2限,渥美美奈江
Mon3,t1m3101,0,日本国憲法,1,月曜3限,上村幸之助
Mon3,t1m3102,1,法女性学,1,月曜3限,上田光雄
Mon3,t1m3103,2,中国語,1,月曜3限,福岡春夫
Mon3,t1m3201,3,動きの教育,2,月曜3限,倉持戸敷
Mon3,t1m3202,4,ウェルネス研究(スポーツ・ジェンダー論),2,月曜3限,安原広行
Mon3,t1m3203,5,ボキャブラリー演習,2,月曜3限,蛭田初江
Mon3,t1m3204,6,現代文化論,2,月曜3限,林田千鶴
Mon3,t1m3301,7,ソーシャル・インクルージョン論,3,月曜3限,大木瑠璃
Mon3,t1m3302,8,東アジア研究,3,月曜3限,栗本琉翠
Mon3,t1m3303,9,教育コンテンツ制作,3,月曜3限,矢島聡
Mon3,t1m3401,10,メディアコミュニケーションワークショップ,4,月曜3限,石村絢子
Mon3,t1m3402,11,日本語指導,4,月曜3限,矢吹裕仁
Mon3,t1m3403,12,ソーシャル・デザイン論,4,月曜3限,守屋祥子
Mon3,t1m3404,13,女性のキャリア開発,4,月曜3限,保坂眞
Mon4,t1m4101,0,ことばの世界,1,月曜4限,飯島武裕
Mon4,t1m4102,1,日本語ライティング,1,月曜4限,東山拓斗
Mon4,t1m4103,2,基礎セミナー,1,月曜4限,奥田直美
Mon4,t1m4201,3,ギリシャ語・ラテン語,2,月曜4限,三枝日和
Mon4,t1m4202,4,通訳の世界,2,月曜4限,根岸章平
Mon4,t1m4203,5,ボキャブラリー演習,2,月曜4限,矢島禎
Mon4,t1m4204,6,国際援助論,2,月曜4限,坂野進
Mon4,t1m4301,7,センサーネットワーク,3,月曜4限,田村豊
Mon4,t1m4302,8,情報セキュリティ入門,3,月曜4限,黒木桜子
Mon4,t1m4303,9,オペレーティングシステム,3,月曜4限,庄司松男
Mon4,t1m4401,10,アルゴリズム,4,月曜4限,田辺菊男
Mon4,t1m4402,11,統計,4,月曜4限,大矢健蔵
Mon4,t1m4403,12,経営情報システム,4,月曜4限,塩谷凛
Mon4,t1m4404,13,ソーシャル・ヘルス・マネジメント,4,月曜4限,若松佐知子
Mon5,t1m5101,0,音楽,1,月曜5限,北山美央
Mon5,t1m5102,1,Grammar,1,月曜5限,白川正康
Mon5,t1m5103,2,イギリス文学特殊講義,1,月曜5限,沼田隆文
Mon5,t1m5201,3,EU研究,2,月曜5限,赤井勝美
Mon5,t1m5202,4,離散数学,2,月曜5限,伊藤勝雄
Mon5,t1m5203,5,プログラミング言語論,2,月曜5限,椎名広昭
Mon5,t1m5204,6,自然言語処理,2,月曜5限,八木芳男
Mon5,t1m5301,7,グローバリゼーション論,3,月曜5限,松崎麗子
Mon5,t1m5302,8,教育心理学,3,月曜5限,川嶋由香
Mon5,t1m5303,9,データリテラシー,3,月曜5限,横溝日向
Mon5,t1m5401,10,ソーシャル・ヘルス・マネジメント,4,月曜5限,織田萌恵
Mon5,t1m5402,11,グローバル・ポリティクス論,4,月曜5限,鬼頭美里
Mon5,t1m5403,12,経営情報システム,4,月曜5限,筒井一寿
Mon5,t1m5404,13,健康医療情報システム,4,月曜5限,福原棟上
Tue1,t1tu1101,0,国語表現,1,火曜1限,黒崎隆夫
Tue1,t1tu1102,1,日本研究演習,1,火曜1限,水野清一郎
Tue1,t1tu1103,2,Journeys in English,1,火曜1限,角信子
Tue1,t1tu1201,3,Introduction to TOEFL,2,火曜1限,森島康司
Tue1,t1tu1202,4,日本語指導,2,火曜1限,大村美希
Tue1,t1tu1203,5,コミュニケーション概論,2,火曜1限,小関夕菜
Tue1,t1tu1204,6,第二言語習得概論,2,火曜1限,西沢真結
Tue1,t1tu1301,7,多文化共生論,3,火曜1限,太田芳樹
Tue1,t1tu1302,8,翻訳入門 ,3,火曜1限,坂本良明
Tue1,t1tu1303,9,市民社会と健康,3,火曜1限,柳沢春華
Tue1,t1tu1401,10,民俗学,4,火曜1限,板垣肇
Tue1,t1tu1402,11,データベース入門,4,火曜1限,村田勝利
Tue1,t1tu1403,12,異文化理解教育論,4,火曜1限,佐竹信
Tue1,t1tu1404,13,社会科・地理歴史科指導法,4,火曜1限,松島毅雄
Tue2,t1tu2101,0,哲学,1,火曜2限,大内龍一
Tue2,t1tu2102,1,日本研究演習,1,火曜2限,徳永穂花
Tue2,t1tu2103,2,Pronunciation,1,火曜2限,永山奈那
Tue2,t1tu2201,3,イギリス文学史,2,火曜2限,菅谷瑞季
Tue2,t1tu2202,4,Japan Studies in English,2,火曜2限,米沢賢二
Tue2,t1tu2203,5,文章講座,2,火曜2限,河内昌彦
Tue2,t1tu2204,6,Cultural Representation in Media,2,火曜2限,高木英俊
Tue2,t1tu2301,7,文学批評,3,火曜2限,井川武
Tue2,t1tu2302,8,意味・語用論,3,火曜2限,竹田修一
Tue2,t1tu2303,9,言語教育とジェンダー,3,火曜2限,中林兼吉
Tue2,t1tu2401,10,哲学研究,4,火曜2限,藤岡孝子
Tue2,t1tu2402,11,国際法,4,火曜2限,城戸将文
Tue2,t1tu2403,12,解析学基礎 ,4,火曜2限,小峰伍朗
Tue2,t1tu2404,13,幾何学入門,4,火曜2限,石塚和臣
Tue3,t1tu3101,0,位相入門,1,火曜3限,向井彰仁
Tue3,t1tu3102,1,複素解析学,1,火曜3限,沖達男
Tue3,t1tu3103,2,応用数学特論,1,火曜3限,奈良徹
Tue3,t1tu3201,3,キリスト教概論,2,火曜3限,西口由真
Tue3,t1tu3202,4,日本文学(古典文学),2,火曜3限,宮脇和臣
Tue3,t1tu3203,5,文化人類学,2,火曜3限,片桐雅人
Tue3,t1tu3204,6,基礎セミナー,2,火曜3限,横田璃乃
Tue3,t1tu3301,7,演劇と教育,3,火曜3限,笹原正樹
Tue3,t1tu3302,8,英語指導者のための英語の知識,3,火曜3限,岩瀬笙真
Tue3,t1tu3303,9,日本語教材・教具論,3,火曜3限,岩城花音
Tue3,t1tu3401,10,Women in Japanese History,4,火曜3限,篠田昌幸
Tue3,t1tu3402,11,家族社会学,4,火曜3限,猪股春雄
Tue3,t1tu3403,12,国際人口論,4,火曜3限,高嶋結香
Tue3,t1tu3404,13,先住民論,4,火曜3限,三村孝幸
Tue4,t1tu4101,0,災害と復興,1,火曜4限,白井胡春
Tue4,t1tu4102,1,医療人類学,1,火曜4限,下村新平
Tue4,t1tu4103,2,解析学基礎,1,火曜4限,海野海凪
Tue4,t1tu4201,3,代数入門,2,火曜4限,矢崎福太郎
Tue4,t1tu4202,4,数理ファイナンス,2,火曜4限,亀山栄吉
Tue4,t1tu4203,5,くらしと地球環境,2,火曜4限,古田紗羅
Tue4,t1tu4204,6,異文化コミュニケーション理論,2,火曜4限,神谷浩二
Tue4,t1tu4301,7,開発経済学,3,火曜4限,小畑俊史
Tue4,t1tu4302,8,貧困問題,3,火曜4限,菅井堅助
Tue4,t1tu4303,9,Multicultural Studies,3,火曜4限,中花衣
Tue4,t1tu4401,10,数学基礎 ,4,火曜4限,狩野春江
Tue4,t1tu4402,11,情報と社会,4,火曜4限,荒木明紀
Tue4,t1tu4403,12,政治とは何か,4,火曜4限,本多良平
Tue4,t1tu4404,13,マーケティング戦略,4,火曜4限,黒沢鈴子
Tue5,t1tu5101,0,データ政策科学,1,火曜5限,岸帆香
Tue5,t1tu5102,1,ジェンダーと社会変動,1,火曜5限,高山道雄
Tue5,t1tu5103,2,人の国際移動と社会の多文化化,1,火曜5限,勝田直治
Tue5,t1tu5201,3,ダイバーシティ社会論,2,火曜5限,浜祥治
Tue5,t1tu5202,4,日本政治史,2,火曜5限,会田舞香
Tue5,t1tu5203,5,行政学,2,火曜5限,安原竹志
Tue5,t1tu5204,6,貿易政策論,2,火曜5限,岩渕幹雄
Tue5,t1tu5301,7,現代社会論,3,火曜5限,三沢正三郎
Tue5,t1tu5302,8,世界の文学(イギリス),3,火曜5限,山村実結
Tue5,t1tu5303,9,世界の文学(アメリカ),3,火曜5限,石渡京路
Tue5,t1tu5401,10,デジタル・ディバイド論,4,火曜5限,柳沢俊光
Tue5,t1tu5402,11,Webテクノロジー a,4,火曜5限,米田宏平
Tue5,t1tu5403,12,文法論,4,火曜5限,住田正巳
Tue5,t1tu5404,13,Web情報システム論,4,火曜5限,神谷海士
Wed1,t1w1101,0,福祉政策論,1,水曜1限,金山好子
Wed1,t1w1102,1,キャリア入門,1,水曜1限,黒木直也
Wed1,t1w1103,2,MI Reading Skills,1,水曜1限,高島一也
Wed1,t1w1201,3,比較教育論,2,水曜1限,染谷清一郎
Wed1,t1w1202,4,自然地理学,2,水曜1限,亀田玲
Wed1,t1w1203,5,数学序論,2,水曜1限,畑章司
Wed1,t1w1204,6,数値計算法,2,水曜1限,井川彩希
Wed1,t1w1301,7,計算論,3,水曜1限,堤柚花
Wed1,t1w1302,8,大学数学入門,3,水曜1限,尾上安
Wed1,t1w1303,9,コンピュータグラフィックス,3,水曜1限,川嶋公子
Wed1,t1w1401,10,コンピュータ概論,4,水曜1限,稲村賢三
Wed1,t1w1402,11,イノベーションと社会,4,水曜1限,新井聡美
Wed1,t1w1403,12,多国籍企業論,4,水曜1限,井川重義
Wed1,t1w1404,13,公共哲学,4,水曜1限,西山沙紀
Wed2,t1w2101,0,キリスト教史,1,水曜2限,目黒哲也
Wed2,t1w2102,1,多文化社会と言語教育,1,水曜2限,滝沢葉月
Wed2,t1w2103,2,ウェルネス研究(人間関係論),1,水曜2限,明石俊樹
Wed2,t1w2201,3,３年セミナー,2,水曜2限,柏原和香
Wed2,t1w2202,4,４年セミナー,2,水曜2限,菅原快
Wed2,t1w2203,5,Media Literacy,2,水曜2限,丸田松夫
Wed2,t1w2204,6,Diaspora Studies,2,水曜2限,大島由依
Wed2,t1w2301,7,Contemporary British Society and Culture,3,水曜2限,丸田吉之助
Wed2,t1w2302,8,メディア処理とモデリング入門,3,水曜2限,重田望結
Wed2,t1w2303,9,アルゴリズム入門,3,水曜2限,真田二三男
Wed2,t1w2401,10,暗号と情報,4,水曜2限,高山由太郎
Wed2,t1w2402,11,道徳教育の理論と方法,4,水曜2限,赤坂祥治
Wed2,t1w2403,12,教職実践演習,4,水曜2限,中島富雄
Wed2,t1w2404,13,多文化社会と言語教育,4,水曜2限,岸田紀子
Wed3,t1w3101,0,災害情報学入門,1,水曜3限,南部文平
Wed3,t1w3102,1,イノベーションと社会,1,水曜3限,増井和弘
Wed3,t1w3103,2,プログラミング入門,1,水曜3限,牧孝
Wed3,t1w3201,3,プロジェクト・マネジメント,2,水曜3限,坂口政次
Wed3,t1w3202,4,社会学概論,2,水曜3限,堀井志乃
Wed3,t1w3203,5,コミュニケーション研究 ,2,水曜3限,平田優希
Wed3,t1w3204,6,国際関係概論,2,水曜3限,半田明宏
Wed3,t1w3301,7,フランス語(文法),3,水曜3限,鹿島六郎
Wed3,t1w3302,8,中国語 (文法),3,水曜3限,坂田矩之
Wed3,t1w3303,9,ロシア語(演習),3,水曜3限,川瀬美雨
Wed3,t1w3401,10,スペイン語(演習),4,水曜3限,首藤章二
Wed3,t1w3402,11,交換留学生のための日本語,4,水曜3限,川原彰三
Wed3,t1w3403,12,通訳入門,4,水曜3限,水口藤子
Wed3,t1w3404,13,情報社会論,4,水曜3限,野村純
Wed4,t1w4101,0,地域研究入門,1,水曜4限,戸塚一男
Wed4,t1w4102,1,国際協力論,1,水曜4限,竹村三夫
Wed4,t1w4103,2,文化とジェンダー,1,水曜4限,小俣彩帆
Wed4,t1w4201,3,フィールドワーク言語,2,水曜4限,大庭洋次
Wed4,t1w4202,4,確率統計入門,2,水曜4限,神崎政夫
Wed4,t1w4203,5,数式図形画像処理入門,2,水曜4限,町田朱里
Wed4,t1w4204,6,コンピュータリテラシー,2,水曜4限,奥村心音
Wed4,t1w4301,7,３年プロジェクト,3,水曜4限,神野奈々子
Wed4,t1w4302,8,対照言語学,3,水曜4限,甲斐邦夫
Wed4,t1w4303,9,手話通訳と情報アクセシビリティ,3,水曜4限,村瀬将文
Wed4,t1w4401,10,英語科指導とICT活用,4,水曜4限,福島絢子
Wed4,t1w4402,11,対照言語学,4,水曜4限,梅津千代子
Wed4,t1w4403,12,ネットワーク概論,4,水曜4限,神戸沙羅
Wed4,t1w4404,13,マルチメディア,4,水曜4限,川島八重子
Wed5,t1w5101,0,スマートコミュニティ論,1,水曜5限,安藤勇
Wed5,t1w5102,1,法と公共政策,1,水曜5限,柳沢重夫
Wed5,t1w5103,2,経済活動のための法,1,水曜5限,佐々木武志
Wed5,t1w5201,3,アプリケーション開発,2,水曜5限,谷川次夫
Wed5,t1w5202,4,アジア研究,2,水曜5限,関根勝昭
Wed5,t1w5203,5,ヨーロッパ研究,2,水曜5限,柏原雛乃
Wed5,t1w5204,6,マイノリティ研究,2,水曜5限,今野桜
Wed5,t1w5301,7,グローバリゼーション研究,3,水曜5限,藤島香
Wed5,t1w5302,8,世界の文学(中国),3,水曜5限,藤森弘
Wed5,t1w5303,9,物質と生命現象,3,水曜5限,荒井波留
Wed5,t1w5401,10,女性とメンタルヘルス,4,水曜5限,野呂彩芽
Wed5,t1w5402,11,マルチリンガリズム,4,水曜5限,吉村裕之
Wed5,t1w5403,12,Bible Studies,4,水曜5限,小島凜空斗
Wed5,t1w5404,13,多文化社会とフィールドワーク,4,水曜5限,福山達也
Thu1,t1th1101,0,マルチリンガリズム,1,木曜1限,井本陽菜乃
Thu1,t1th1102,1,フィールドワーク言語,1,木曜1限,仲村鑑
Thu1,t1th1103,2,ネット時代の広告とマーケティング論,1,木曜1限,粕谷美紅
Thu1,t1th1201,3,コンテンツビジネス論,2,木曜1限,矢島瑠菜
Thu1,t1th1202,4,歴史入門,2,木曜1限,柏木八重子
Thu1,t1th1203,5,代数学特論,2,木曜1限,谷村聖凪
Thu1,t1th1204,6,英語英文学科での学び,2,木曜1限,沢村春佳
Thu1,t1th1301,7,オーストラリア研究,3,木曜1限,梶豊吉
Thu1,t1th1302,8,エビデンス・ベースド・ポリシー入門,3,木曜1限,杉村里歩
Thu1,t1th1303,9,国際協力キャリア入門,3,木曜1限,小柳孝夫
Thu1,t1th1401,10,環境問題,4,木曜1限,都築誠
Thu1,t1th1402,11,食と環境,4,木曜1限,坂下克洋
Thu1,t1th1403,12,暗号理論,4,木曜1限,大下靖子
Thu1,t1th1404,13,国際協力キャリア入門,4,木曜1限,小寺義弘
Thu2,t1th2101,0,メディアワークショップ(3)(4),1,木曜2限,平井彩加
Thu2,t1th2102,1,計量経済の基礎,1,木曜2限,北条洋文
Thu2,t1th2103,2,データ・サイエンス入門,1,木曜2限,矢吹勇人
Thu2,t1th2201,3,政治制度論,2,木曜2限,岩沢正洋
Thu2,t1th2202,4,コミュニケーション研究,2,木曜2限,新垣美怜
Thu2,t1th2203,5,英語教育研究,2,木曜2限,佐川利夫
Thu2,t1th2204,6,アメリカ小説,2,木曜2限,寺本紗羅
Thu2,t1th2301,7,社会思想史,3,木曜2限,横山葉月
Thu2,t1th2302,8,イスラーム概論,3,木曜2限,水上花楓
Thu2,t1th2303,9,エビデンス・ベースド・ポリシー入門,3,木曜2限,田淵良彦
Thu2,t1th2401,10,国際協力キャリア入門,4,木曜2限,小沢千尋
Thu2,t1th2402,11,位相入門(演習付),4,木曜2限,島臣音
Thu2,t1th2403,12,ビジネスコミュニケーション,4,木曜2限,清田浩次
Thu2,t1th2404,13,メディア4年セミナー,4,木曜2限,梅沢伊都子
Thu3,t1th3101,0,教育相談の理論と方法,1,木曜3限,向井国雄
Thu3,t1th3102,1,デジタルメディア概論,1,木曜3限,本多清美
Thu3,t1th3103,2,情報科学特論,1,木曜3限,松野正美
Thu3,t1th3201,3,応用数学特論,2,木曜3限,西山亮
Thu3,t1th3202,4,ウェルネス研究(女性の健康とキャリア),2,木曜3限,松浦千紗
Thu3,t1th3203,5,日本語学特殊講義,2,木曜3限,相川和之
Thu3,t1th3204,6,エビデンス・ベースド・ポリシー入門,2,木曜3限,石山正次郎
Thu3,t1th3301,7,１年基礎セミナー,3,木曜3限,大井帆奈
Thu3,t1th3302,8,MI Oral English II,3,木曜3限,長崎松太郎
Thu3,t1th3303,9,フィールドワーク言語 b,3,木曜3限,本間洋平
Thu3,t1th3401,10,国際協力キャリア入門,4,木曜3限,上山明宏
Thu3,t1th3402,11,教育相談の理論と方法,4,木曜3限,高岡雪子
Thu3,t1th3403,12,計量経済の基礎,4,木曜3限,塚本咲子
Thu3,t1th3404,13,文化交流論,4,木曜3限,山根利忠
Thu4,t1th4101,0,グローバリゼーション論,1,木曜4限,沢通夫
Thu4,t1th4102,1,市民社会における安全保障,1,木曜4限,堀江俊史
Thu4,t1th4103,2,環境政策論,1,木曜4限,松村恒男
Thu4,t1th4201,3,世界の開発と貧困問題,2,木曜4限,平原唯花
Thu4,t1th4202,4,政治制度論,2,木曜4限,大和田桃子
Thu4,t1th4203,5,ミクロ・マクロ経済分析,2,木曜4限,今村巌
Thu4,t1th4204,6,日本の財政・金融,2,木曜4限,野口良男
Thu4,t1th4301,7,国語表現,3,木曜4限,高崎華
Thu4,t1th4302,8,津田梅子と建学の精神,3,木曜4限,市村未由来
Thu4,t1th4303,9,くらしと芸術,3,木曜4限,中尾郁
Thu4,t1th4401,10,日本語ボランティア入門,4,木曜4限,坂井一寿
Thu4,t1th4402,11,総合,4,木曜4限,菅沼真緒
Thu4,t1th4403,12,通訳の理論と実践,4,木曜4限,大村盛夫
Thu4,t1th4404,13,移民研究,4,木曜4限,柿崎紬
Thu5,t1th5101,0,南アジア研究,1,木曜5限,秋山宣政
Thu5,t1th5102,1,多文化・国際協力の学び,1,木曜5限,野島洋次
Thu5,t1th5103,2,ベクトルと行列,1,木曜5限,大倉三葉
Thu5,t1th5201,3,ルベーグ積分,2,木曜5限,高橋太陽
Thu5,t1th5202,4,測度論的確率論,2,木曜5限,西岡守
Thu5,t1th5203,5,知的財産概論,2,木曜5限,熊倉藤子
Thu5,t1th5204,6,数理モデル,2,木曜5限,玉木利子
Thu5,t1th5301,7,言語教育方法論,3,木曜5限,岩永勝美
Thu5,t1th5302,8,福祉社会研究,3,木曜5限,我妻宏次
Thu5,t1th5303,9,異文化理解とコミュニケーション,3,木曜5限,那須淳子
Thu5,t1th5401,10,日本語ボランティア入門,4,木曜5限,上山明憲
Thu5,t1th5402,11,青年期のメンタルヘルス,4,木曜5限,堀口沙織
Thu5,t1th5403,12,ヒューマン・セクソロジー,4,木曜5限,富山正一
Thu5,t1th5404,13,Academic Writing & Presentation,4,木曜5限,中嶋孝二
Fri1,t1f1101,0,生物と人間,1,金曜1限,稲葉櫻
Fri1,t1f1102,1,精神分析学,1,金曜1限,古山政弘
Fri1,t1f1103,2,計算機数学,1,金曜1限,菅沼寛貴
Fri1,t1f1201,3,情報通信ネットワーク入門,2,金曜1限,小玉顕子
Fri1,t1f1202,4,情報と職業,2,金曜1限,砂川雅也
Fri1,t1f1203,5,人文地理学,2,金曜1限,山脇咲奈
Fri1,t1f1204,6,道徳教育の理論と方法,2,金曜1限,細野風夏
Fri1,t1f1301,7,総合的な学習の時間の指導法,3,金曜1限,三橋華凛
Fri1,t1f1302,8,特別活動の指導法,3,金曜1限,小林真由
Fri1,t1f1303,9,特別活動の研究,3,金曜1限,大庭敏
Fri1,t1f1401,10,数学科指導とICT活用,4,金曜1限,溝口良太
Fri1,t1f1402,11,教育メディア,4,金曜1限,大坪雅敏
Fri1,t1f1403,12,経済の仕組み,4,金曜1限,菅原宏美
Fri1,t1f1404,13,会計,4,金曜1限,大友優花
Fri2,t1f2101,0,少子高齢化の進展と社会保障の持続可能性,1,金曜2限,山中歌音
Fri2,t1f2102,1,共生社会と法,1,金曜2限,坂下沙紀
Fri2,t1f2103,2,福祉国家論,1,金曜2限,小西小雪
Fri2,t1f2201,3,クリティカル・シンキング,2,金曜2限,迫田舞衣
Fri2,t1f2202,4,第三世界の思想と文化,2,金曜2限,志田幸一
Fri2,t1f2203,5,情報処理,2,金曜2限,河井政子
Fri2,t1f2204,6,初等英語教育研究,2,金曜2限,佐川初音
Fri2,t1f2301,7,国際交流論,3,金曜2限,和田真悠
Fri2,t1f2302,8,国際ボランティア論,3,金曜2限,坂本忠一
Fri2,t1f2401,10,情報システム入門,4,金曜2限,菅野彩華
Fri2,t1f2402,11,日本国憲法,4,金曜2限,妹尾明弘
Fri2,t1f2403,12,法学,4,金曜2限,杉浦覚
Fri2,t1f2404,13,世界史概説,4,金曜2限,須藤貞子
Fri3,t1f3101,0,文章講座 (ジャーナリズム),1,金曜3限,川西麻紀
Fri3,t1f3102,1,Creative Drama,1,金曜3限,塚原雪菜
Fri3,t1f3103,2,グローバルヒストリーのなかのイギリス,1,金曜3限,鹿野楓大
Fri3,t1f3201,3,ラテンアメリカ研究,2,金曜3限,藤谷莉緒
Fri3,t1f3202,4,新聞が読める国際経済入門,2,金曜3限,松川政信
Fri3,t1f3203,5,グローバルヒストリーのなかのイギリス,2,金曜3限,中野晴希
Fri3,t1f3204,6,テクニカルライティング,2,金曜3限,長野文雄
Fri3,t1f3301,7,マスコミ論,3,金曜3限,滝川亜子
Fri3,t1f3302,8,ITコンテンツ制作,3,金曜3限,滝口雅春
Fri3,t1f3303,9,インターネット概論,3,金曜3限,鬼頭亘輝
Fri3,t1f3401,10,グローバリゼーション研究 (1),4,金曜3限,秋山弓子
Fri3,t1f3402,11,美術,4,金曜3限,竹原孝志
Fri3,t1f3403,12,宗教学,4,金曜3限,諸星美佐子
Fri3,t1f3404,13,基礎セミナー,4,金曜3限,長崎友洋
Fri4,t1f4101,0,形態論,1,金曜4限,鵜飼栄子
Fri4,t1f4102,1,システム運用,1,金曜4限,川崎優空
Fri4,t1f4103,2,人工知能・機械学習,1,金曜4限,生田由美
Fri4,t1f4201,3,ソフトウェア開発法,2,金曜4限,柏木文乃
Fri4,t1f4202,4,形態論,2,金曜4限,福山強
Fri4,t1f4203,5,コンテンツ保護とセキュリティ,2,金曜4限,志村鈴子
Fri4,t1f4204,6,Content-based Process Writing,2,金曜4限,益田光昭
Fri4,t1f4301,7,地域政策論,3,金曜4限,小俣理
Fri4,t1f4302,8,情報通信技術と社会,3,金曜4限,鳴海正治
Fri4,t1f4303,9,グローバリゼーション研究,3,金曜4限,大塚真凛
Fri4,t1f4401,10,原書講読,4,金曜4限,磯崎紗希
Fri4,t1f4402,11,微分積分,4,金曜4限,上条徳三郎
Fri4,t1f4403,12,英詩研究 ,4,金曜4限,水島幸子
Fri4,t1f4404,13,Oral English,4,金曜4限,中岡隆之
Fri5,t1f5101,0,基礎セミナー,1,金曜5限,塩谷義男
Fri5,t1f5102,1,Literary Reading,1,金曜5限,黒崎彩花
Fri5,t1f5103,2,４年セミナー,1,金曜5限,芦田和比古
Fri5,t1f5201,3,Global Southとフィールドワーク,2,金曜5限,小山真凛
Fri5,t1f5202,4,英語科指導とICT活用,2,金曜5限,泉敏弘
Fri5,t1f5203,5,形態論,2,金曜5限,栗山愛菜
Fri5,t1f5204,6,コンテンツ保護とセキュリティ,2,金曜5限,梅原研治
Fri5,t1f5301,7,インターネット概論,3,金曜5限,佐竹伸也
Fri5,t1f5302,8,国際政治研究,3,金曜5限,尾崎享
Fri5,t1f5303,9,グローバリゼーション研究 ,3,金曜5限,高松来未
Fri5,t1f5401,10,国際関係概論,4,金曜5限,北川亮
Fri5,t1f5402,11,対照言語学,4,金曜5限,田上省吾
Fri5,t1f5403,12,文化とジェンダー,4,金曜5限,笹森春華
Fri5,t1f5404,13,国際協力論,4,金曜5限,吉沢義明